{
  "productos" : {
    "-M9G7k21iEZCdoAPwSAr" : {
      "cantidad" : "10",
      "codigo" : "COD01",
      "descripcion" : "Aguardiente Extra"
    },
    "-M9G7nfEBGjpBA8ToVtb" : {
      "cantidad" : "25",
      "codigo" : "COD02",
      "descripcion" : "Ron Viejo de Caldas"
    },
    "-M9G8IRDFrtudKmkx8zp" : {
      "cantidad" : "9",
      "codigo" : "COD03",
      "descripcion" : "Aguardiente Antioqueño"
    },
    "-M9G8fz6glD9KkGalQmD" : {
      "cantidad" : "23",
      "codigo" : "COD04",
      "descripcion" : "Wiskey Bucanas"
    },
    "-M9GAulpopokelU2LNnX" : {
      "cantidad" : "50",
      "codigo" : "COD05",
      "descripcion" : "Tequila Jose Cuervo"
    },
    "-M9GR56TcI20H9Uh8hog" : {
      "cantidad" : "21",
      "codigo" : "COD06",
      "descripcion" : "Ron Guaro de Oro"
    },
    "-M9GSn1kH815DSy84Ohg" : {
      "cantidad" : "22",
      "codigo" : "COD07",
      "descripcion" : "Aguardiente Nectar"
    },
    "-M9GSrm5PaGr3WNvXD7n" : {
      "cantidad" : "10",
      "codigo" : "COD08",
      "descripcion" : "Cerveza Aguila"
    },
    "-M9GSv9bGKGRtUgB0Y_H" : {
      "cantidad" : "33",
      "codigo" : "COD09",
      "descripcion" : "Cerveza Poker"
    }
  }
}
